Workbook

Sheet tips
A1: sex | B1: sex_enc | C1: smoker | D1: smoker_enc | E1: day | F1: day_enc | G1: time | H1: time_enc | I1: size | J1: total_bill | K1: tip | L1: predicted_tip | M1: Error | N1: Squares Error
A2: Female | B2: =IF(A2="Male",1,0) -> 0 | C2: No | D2: =IF(C2="Yes",1,0) -> 0 | E2: Sun | F2: =IF(E2="Thur",1,IF(E2="Fri",2,IF(E2="Sat",3,4))) -> 4 | G2: Dinner | H2: =IF(G2="Dinner",1,0) -> 1 | I2: 2 | J2: 16.99 | K2: 1.01 | L2: =$Q$57 + $Q$58*B2 + $Q$59*D2 + $Q$62*F2 + $Q$61*H2 + $Q$60*I2 + $Q$63*J2 -> 2.96648 | M2: =K2-L2 -> -1.95648 | N2: =M2^2 -> 3.8278138
A3: Male | B3: =IF(A3="Male",1,0) -> 1 | C3: No | D3: =IF(C3="Yes",1,0) -> 0 | E3: Sun | F3: =IF(E3="Thur",1,IF(E3="Fri",2,IF(E3="Sat",3,4))) -> 4 | G3: Dinner | H3: =IF(G3="Dinner",1,0) -> 1 | I3: 3 | J3: 10.34 | K3: 1.66 | L3: =$Q$57 + $Q$58*B3 + $Q$59*D3 + $Q$62*F3 + $Q$61*H3 + $Q$60*I3 + $Q$63*J3 -> 2.3560003 | M3: =K3-L3 -> -0.69600035 | N3: =M3^2 -> 0.48441649 | Q3: RMSE formula for Squared Error column
A4: Male | B4: =IF(A4="Male",1,0) -> 1 | C4: No | D4: =IF(C4="Yes",1,0) -> 0 | E4: Sun | F4: =IF(E4="Thur",1,IF(E4="Fri",2,IF(E4="Sat",3,4))) -> 4 | G4: Dinner | H4: =IF(G4="Dinner",1,0) -> 1 | I4: 3 | J4: 21.01 | K4: 3.5 | L4: =$Q$57 + $Q$58*B4 + $Q$59*D4 + $Q$62*F4 + $Q$61*H4 + $Q$60*I4 + $Q$63*J4 -> 3.3617921 | M4: =K4-L4 -> 0.13820791 | N4: =M4^2 -> 0.019101426 | Q4: =SQRT(AVERAGE(N2:N244)) -> 1.0218611
A5: Male | B5: =IF(A5="Male",1,0) -> 1 | C5: No | D5: =IF(C5="Yes",1,0) -> 0 | E5: Sun | F5: =IF(E5="Thur",1,IF(E5="Fri",2,IF(E5="Sat",3,4))) -> 4 | G5: Dinner | H5: =IF(G5="Dinner",1,0) -> 1 | I5: 2 | J5: 23.68 | K5: 3.31 | L5: =$Q$57 + $Q$58*B5 + $Q$59*D5 + $Q$62*F5 + $Q$61*H5 + $Q$60*I5 + $Q$63*J5 -> 3.5604704 | M5: =K5-L5 -> -0.25047038 | N5: =M5^2 -> 0.062735412
A6: Female | B6: =IF(A6="Male",1,0) -> 0 | C6: No | D6: =IF(C6="Yes",1,0) -> 0 | E6: Sun | F6: =IF(E6="Thur",1,IF(E6="Fri",2,IF(E6="Sat",3,4))) -> 4 | G6: Dinner | H6: =IF(G6="Dinner",1,0) -> 1 | I6: 4 | J6: 24.59 | K6: 3.61 | L6: =$Q$57 + $Q$58*B6 + $Q$59*D6 + $Q$62*F6 + $Q$61*H6 + $Q$60*I6 + $Q$63*J6 -> 3.7888933 | M6: =K6-L6 -> -0.17889331 | N6: =M6^2 -> 0.032002816
A7: Male | B7: =IF(A7="Male",1,0) -> 1 | C7: No | D7: =IF(C7="Yes",1,0) -> 0 | E7: Sun | F7: =IF(E7="Thur",1,IF(E7="Fri",2,IF(E7="Sat",3,4))) -> 4 | G7: Dinner | H7: =IF(G7="Dinner",1,0) -> 1 | I7: 4 | J7: 25.29 | K7: 4.71 | L7: =$Q$57 + $Q$58*B7 + $Q$59*D7 + $Q$62*F7 + $Q$61*H7 + $Q$60*I7 + $Q$63*J7 -> 3.8182453 | M7: =K7-L7 -> 0.89175474 | N7: =M7^2 -> 0.79522652 | P7: sex | Q7: Gender of the customer
A8: Male | B8: =IF(A8="Male",1,0) -> 1 | C8: No | D8: =IF(C8="Yes",1,0) -> 0 | E8: Sun | F8: =IF(E8="Thur",1,IF(E8="Fri",2,IF(E8="Sat",3,4))) -> 4 | G8: Dinner | H8: =IF(G8="Dinner",1,0) -> 1 | I8: 2 | J8: 8.77 | K8: 2 | L8: =$Q$57 + $Q$58*B8 + $Q$59*D8 + $Q$62*F8 + $Q$61*H8 + $Q$60*I8 + $Q$63*J8 -> 2.1550013 | M8: =K8-L8 -> -0.15500132 | N8: =M8^2 -> 0.024025409 | P8: smoker | Q8: Indicates if the customer is a smoker or not
A9: Male | B9: =IF(A9="Male",1,0) -> 1 | C9: No | D9: =IF(C9="Yes",1,0) -> 0 | E9: Sun | F9: =IF(E9="Thur",1,IF(E9="Fri",2,IF(E9="Sat",3,4))) -> 4 | G9: Dinner | H9: =IF(G9="Dinner",1,0) -> 1 | I9: 4 | J9: 26.88 | K9: 3.12 | L9: =$Q$57 + $Q$58*B9 + $Q$59*D9 + $Q$62*F9 + $Q$61*H9 + $Q$60*I9 + $Q$63*J9 -> 3.9681243 | M9: =K9-L9 -> -0.84812425 | N9: =M9^2 -> 0.71931475 | P9: day | Q9: Day of the restaurant visit
A10: Male | B10: =IF(A10="Male",1,0) -> 1 | C10: No | D10: =IF(C10="Yes",1,0) -> 0 | E10: Sun | F10: =IF(E10="Thur",1,IF(E10="Fri",2,IF(E10="Sat",3,4))) -> 4 | G10: Dinner | H10: =IF(G10="Dinner",1,0) -> 1 | I10: 2 | J10: 15.04 | K10: 1.96 | L10: =$Q$57 + $Q$58*B10 + $Q$59*D10 + $Q$62*F10 + $Q$61*H10 + $Q$60*I10 + $Q$63*J10 -> 2.7460336 | M10: =K10-L10 -> -0.78603358 | N10: =M10^2 -> 0.61784879 | P10: time | Q10: Indicates whether the tip was for lunch or dinner
A11: Male | B11: =IF(A11="Male",1,0) -> 1 | C11: No | D11: =IF(C11="Yes",1,0) -> 0 | E11: Sun | F11: =IF(E11="Thur",1,IF(E11="Fri",2,IF(E11="Sat",3,4))) -> 4 | G11: Dinner | H11: =IF(G11="Dinner",1,0) -> 1 | I11: 2 | J11: 14.78 | K11: 3.23 | L11: =$Q$57 + $Q$58*B11 + $Q$59*D11 + $Q$62*F11 + $Q$61*H11 + $Q$60*I11 + $Q$63*J11 -> 2.7215251 | M11: =K11-L11 -> 0.50847493 | N11: =M11^2 -> 0.25854676 | P11: size | Q11: Number of members dining
A12: Male | B12: =IF(A12="Male",1,0) -> 1 | C12: No | D12: =IF(C12="Yes",1,0) -> 0 | E12: Sun | F12: =IF(E12="Thur",1,IF(E12="Fri",2,IF(E12="Sat",3,4))) -> 4 | G12: Dinner | H12: =IF(G12="Dinner",1,0) -> 1 | I12: 2 | J12: 10.27 | K12: 1.71 | L12: =$Q$57 + $Q$58*B12 + $Q$59*D12 + $Q$62*F12 + $Q$61*H12 + $Q$60*I12 + $Q$63*J12 -> 2.2963966 | M12: =K12-L12 -> -0.5863966 | N12: =M12^2 -> 0.34386097 | P12: total bill | Q12: Bill amount in USD
A13: Female | B13: =IF(A13="Male",1,0) -> 0 | C13: No | D13: =IF(C13="Yes",1,0) -> 0 | E13: Sun | F13: =IF(E13="Thur",1,IF(E13="Fri",2,IF(E13="Sat",3,4))) -> 4 | G13: Dinner | H13: =IF(G13="Dinner",1,0) -> 1 | I13: 4 | J13: 35.26 | K13: 5 | L13: =$Q$57 + $Q$58*B13 + $Q$59*D13 + $Q$62*F13 + $Q$61*H13 + $Q$60*I13 + $Q$63*J13 -> 4.7946851 | M13: =K13-L13 -> 0.20531495 | N13: =M13^2 -> 0.042154228 | P13: tip | Q13: Tip amount in USD
A14: Male | B14: =IF(A14="Male",1,0) -> 1 | C14: No | D14: =IF(C14="Yes",1,0) -> 0 | E14: Sun | F14: =IF(E14="Thur",1,IF(E14="Fri",2,IF(E14="Sat",3,4))) -> 4 | G14: Dinner | H14: =IF(G14="Dinner",1,0) -> 1 | I14: 2 | J14: 15.42 | K14: 1.57 | L14: =$Q$57 + $Q$58*B14 + $Q$59*D14 + $Q$62*F14 + $Q$61*H14 + $Q$60*I14 + $Q$63*J14 -> 2.7818537 | M14: =K14-L14 -> -1.2118537 | N14: =M14^2 -> 1.4685894
A15: Male | B15: =IF(A15="Male",1,0) -> 1 | C15: No | D15: =IF(C15="Yes",1,0) -> 0 | E15: Sun | F15: =IF(E15="Thur",1,IF(E15="Fri",2,IF(E15="Sat",3,4))) -> 4 | G15: Dinner | H15: =IF(G15="Dinner",1,0) -> 1 | I15: 4 | J15: 18.43 | K15: 3 | L15: =$Q$57 + $Q$58*B15 + $Q$59*D15 + $Q$62*F15 + $Q$61*H15 + $Q$60*I15 + $Q$63*J15 -> 3.1715975 | M15: =K15-L15 -> -0.17159752 | N15: =M15^2 -> 0.029445709
A16: Female | B16: =IF(A16="Male",1,0) -> 0 | C16: No | D16: =IF(C16="Yes",1,0) -> 0 | E16: Sun | F16: =IF(E16="Thur",1,IF(E16="Fri",2,IF(E16="Sat",3,4))) -> 4 | G16: Dinner | H16: =IF(G16="Dinner",1,0) -> 1 | I16: 2 | J16: 14.83 | K16: 3.02 | L16: =$Q$57 + $Q$58*B16 + $Q$59*D16 + $Q$62*F16 + $Q$61*H16 + $Q$60*I16 + $Q$63*J16 -> 2.7628708 | M16: =K16-L16 -> 0.25712924 | N16: =M16^2 -> 0.066115448 | Q16: Note 1 :
A17: Male | B17: =IF(A17="Male",1,0) -> 1 | C17: No | D17: =IF(C17="Yes",1,0) -> 0 | E17: Sun | F17: =IF(E17="Thur",1,IF(E17="Fri",2,IF(E17="Sat",3,4))) -> 4 | G17: Dinner | H17: =IF(G17="Dinner",1,0) -> 1 | I17: 2 | J17: 21.58 | K17: 3.92 | L17: =$Q$57 + $Q$58*B17 + $Q$59*D17 + $Q$62*F17 + $Q$61*H17 + $Q$60*I17 + $Q$63*J17 -> 3.362517 | M17: =K17-L17 -> 0.55748301 | N17: =M17^2 -> 0.3107873 | Q17: Dependent variable (Y):
A18: Female | B18: =IF(A18="Male",1,0) -> 0 | C18: No | D18: =IF(C18="Yes",1,0) -> 0 | E18: Sun | F18: =IF(E18="Thur",1,IF(E18="Fri",2,IF(E18="Sat",3,4))) -> 4 | G18: Dinner | H18: =IF(G18="Dinner",1,0) -> 1 | I18: 3 | J18: 10.33 | K18: 1.67 | L18: =$Q$57 + $Q$58*B18 + $Q$59*D18 + $Q$62*F18 + $Q$61*H18 + $Q$60*I18 + $Q$63*J18 -> 2.3916902 | M18: =K18-L18 -> -0.72169023 | N18: =M18^2 -> 0.52083679 | Q18: tip (the value we are predicting)
A19: Male | B19: =IF(A19="Male",1,0) -> 1 | C19: No | D19: =IF(C19="Yes",1,0) -> 0 | E19: Sun | F19: =IF(E19="Thur",1,IF(E19="Fri",2,IF(E19="Sat",3,4))) -> 4 | G19: Dinner | H19: =IF(G19="Dinner",1,0) -> 1 | I19: 3 | J19: 16.29 | K19: 3.71 | L19: =$Q$57 + $Q$58*B19 + $Q$59*D19 + $Q$62*F19 + $Q$61*H19 + $Q$60*I19 + $Q$63*J19 -> 2.9168683 | M19: =K19-L19 -> 0.79313172 | N19: =M19^2 -> 0.62905792
A20: Female | B20: =IF(A20="Male",1,0) -> 0 | C20: No | D20: =IF(C20="Yes",1,0) -> 0 | E20: Sun | F20: =IF(E20="Thur",1,IF(E20="Fri",2,IF(E20="Sat",3,4))) -> 4 | G20: Dinner | H20: =IF(G20="Dinner",1,0) -> 1 | I20: 3 | J20: 16.97 | K20: 3.5 | L20: =$Q$57 + $Q$58*B20 + $Q$59*D20 + $Q$62*F20 + $Q$61*H20 + $Q$60*I20 + $Q$63*J20 -> 3.0176 | M20: =K20-L20 -> 0.48240001 | N20: =M20^2 -> 0.23270977 | Q20: Independent variables (X):
A21: Male | B21: =IF(A21="Male",1,0) -> 1 | C21: No | D21: =IF(C21="Yes",1,0) -> 0 | E21: Sat | F21: =IF(E21="Thur",1,IF(E21="Fri",2,IF(E21="Sat",3,4))) -> 3 | G21: Dinner | H21: =IF(G21="Dinner",1,0) -> 1 | I21: 3 | J21: 20.65 | K21: 3.35 | L21: =$Q$57 + $Q$58*B21 + $Q$59*D21 + $Q$62*F21 + $Q$61*H21 + $Q$60*I21 + $Q$63*J21 -> 3.1528929 | M21: =K21-L21 -> 0.19710715 | N21: =M21^2 -> 0.038851227 | Q21: sex
A22: Male | B22: =IF(A22="Male",1,0) -> 1 | C22: No | D22: =IF(C22="Yes",1,0) -> 0 | E22: Sat | F22: =IF(E22="Thur",1,IF(E22="Fri",2,IF(E22="Sat",3,4))) -> 3 | G22: Dinner | H22: =IF(G22="Dinner",1,0) -> 1 | I22: 2 | J22: 17.92 | K22: 4.08 | L22: =$Q$57 + $Q$58*B22 + $Q$59*D22 + $Q$62*F22 + $Q$61*H22 + $Q$60*I22 + $Q$63*J22 -> 2.8425481 | M22: =K22-L22 -> 1.2374519 | N22: =M22^2 -> 1.5312871 | Q22: smoker
A23: Female | B23: =IF(A23="Male",1,0) -> 0 | C23: No | D23: =IF(C23="Yes",1,0) -> 0 | E23: Sat | F23: =IF(E23="Thur",1,IF(E23="Fri",2,IF(E23="Sat",3,4))) -> 3 | G23: Dinner | H23: =IF(G23="Dinner",1,0) -> 1 | I23: 2 | J23: 20.29 | K23: 2.75 | L23: =$Q$57 + $Q$58*B23 + $Q$59*D23 + $Q$62*F23 + $Q$61*H23 + $Q$60*I23 + $Q$63*J23 -> 3.1025852 | M23: =K23-L23 -> -0.3525852 | N23: =M23^2 -> 0.12431632 | Q23: day
A24: Female | B24: =IF(A24="Male",1,0) -> 0 | C24: No | D24: =IF(C24="Yes",1,0) -> 0 | E24: Sat | F24: =IF(E24="Thur",1,IF(E24="Fri",2,IF(E24="Sat",3,4))) -> 3 | G24: Dinner | H24: =IF(G24="Dinner",1,0) -> 1 | I24: 2 | J24: 15.77 | K24: 2.23 | L24: =$Q$57 + $Q$58*B24 + $Q$59*D24 + $Q$62*F24 + $Q$61*H24 + $Q$60*I24 + $Q$63*J24 -> 2.6765141 | M24: =K24-L24 -> -0.44651409 | N24: =M24^2 -> 0.19937484 | Q24: time
A25: Male | B25: =IF(A25="Male",1,0) -> 1 | C25: No | D25: =IF(C25="Yes",1,0) -> 0 | E25: Sat | F25: =IF(E25="Thur",1,IF(E25="Fri",2,IF(E25="Sat",3,4))) -> 3 | G25: Dinner | H25: =IF(G25="Dinner",1,0) -> 1 | I25: 4 | J25: 39.42 | K25: 7.58 | L25: =$Q$57 + $Q$58*B25 + $Q$59*D25 + $Q$62*F25 + $Q$61*H25 + $Q$60*I25 + $Q$63*J25 -> 4.9752244 | M25: =K25-L25 -> 2.6047756 | N25: =M25^2 -> 6.7848559 | Q25: size
A26: Male | B26: =IF(A26="Male",1,0) -> 1 | C26: No | D26: =IF(C26="Yes",1,0) -> 0 | E26: Sat | F26: =IF(E26="Thur",1,IF(E26="Fri",2,IF(E26="Sat",3,4))) -> 3 | G26: Dinner | H26: =IF(G26="Dinner",1,0) -> 1 | I26: 2 | J26: 19.82 | K26: 3.18 | L26: =$Q$57 + $Q$58*B26 + $Q$59*D26 + $Q$62*F26 + $Q$61*H26 + $Q$60*I26 + $Q$63*J26 -> 3.0216488 | M26: =K26-L26 -> 0.15835117 | N26: =M26^2 -> 0.025075093 | Q26: total bill
A27: Male | B27: =IF(A27="Male",1,0) -> 1 | C27: No | D27: =IF(C27="Yes",1,0) -> 0 | E27: Sat | F27: =IF(E27="Thur",1,IF(E27="Fri",2,IF(E27="Sat",3,4))) -> 3 | G27: Dinner | H27: =IF(G27="Dinner",1,0) -> 1 | I27: 4 | J27: 17.81 | K27: 2.34 | L27: =$Q$57 + $Q$58*B27 + $Q$59*D27 + $Q$62*F27 + $Q$61*H27 + $Q$60*I27 + $Q$63*J27 -> 2.9381898 | M27: =K27-L27 -> -0.59818977 | N27: =M27^2 -> 0.357831
A28: Male | B28: =IF(A28="Male",1,0) -> 1 | C28: No | D28: =IF(C28="Yes",1,0) -> 0 | E28: Sat | F28: =IF(E28="Thur",1,IF(E28="Fri",2,IF(E28="Sat",3,4))) -> 3 | G28: Dinner | H28: =IF(G28="Dinner",1,0) -> 1 | I28: 2 | J28: 13.37 | K28: 2 | L28: =$Q$57 + $Q$58*B28 + $Q$59*D28 + $Q$62*F28 + $Q$61*H28 + $Q$60*I28 + $Q$63*J28 -> 2.4136491 | M28: =K28-L28 -> -0.41364913 | N28: =M28^2 -> 0.17110561 | Q28: Note 2:
A29: Male | B29: =IF(A29="Male",1,0) -> 1 | C29: No | D29: =IF(C29="Yes",1,0) -> 0 | E29: Sat | F29: =IF(E29="Thur",1,IF(E29="Fri",2,IF(E29="Sat",3,4))) -> 3 | G29: Dinner | H29: =IF(G29="Dinner",1,0) -> 1 | I29: 2 | J29: 12.69 | K29: 2 | L29: =$Q$57 + $Q$58*B29 + $Q$59*D29 + $Q$62*F29 + $Q$61*H29 + $Q$60*I29 + $Q$63*J29 -> 2.3495499 | M29: =K29-L29 -> -0.34954994 | N29: =M29^2 -> 0.12218516 | Q29: This is a regression problem because the output variable (tip) is numeric
A30: Male | B30: =IF(A30="Male",1,0) -> 1 | C30: No | D30: =IF(C30="Yes",1,0) -> 0 | E30: Sat | F30: =IF(E30="Thur",1,IF(E30="Fri",2,IF(E30="Sat",3,4))) -> 3 | G30: Dinner | H30: =IF(G30="Dinner",1,0) -> 1 | I30: 2 | J30: 21.7 | K30: 4.3 | L30: =$Q$57 + $Q$58*B30 + $Q$59*D30 + $Q$62*F30 + $Q$61*H30 + $Q$60*I30 + $Q$63*J30 -> 3.1988642 | M30: =K30-L30 -> 1.1011358 | N30: =M30^2 -> 1.2125
A31: Female | B31: =IF(A31="Male",1,0) -> 0 | C31: No | D31: =IF(C31="Yes",1,0) -> 0 | E31: Sat | F31: =IF(E31="Thur",1,IF(E31="Fri",2,IF(E31="Sat",3,4))) -> 3 | G31: Dinner | H31: =IF(G31="Dinner",1,0) -> 1 | I31: 2 | J31: 19.65 | K31: 3 | L31: =$Q$57 + $Q$58*B31 + $Q$59*D31 + $Q$62*F31 + $Q$61*H31 + $Q$60*I31 + $Q$63*J31 -> 3.0422565 | M31: =K31-L31 -> -0.042256546 | N31: =M31^2 -> 0.0017856157 | P31: Variables | Q31: Correlation with tip
A32: Male | B32: =IF(A32="Male",1,0) -> 1 | C32: No | D32: =IF(C32="Yes",1,0) -> 0 | E32: Sat | F32: =IF(E32="Thur",1,IF(E32="Fri",2,IF(E32="Sat",3,4))) -> 3 | G32: Dinner | H32: =IF(G32="Dinner",1,0) -> 1 | I32: 2 | J32: 9.55 | K32: 1.45 | L32: =$Q$57 + $Q$58*B32 + $Q$59*D32 + $Q$62*F32 + $Q$61*H32 + $Q$60*I32 + $Q$63*J32 -> 2.0535625 | M32: =K32-L32 -> -0.60356249 | N32: =M32^2 -> 0.36428768 | P32: sex_enc | Q32: =CORREL(B1:B244, K1:K244) -> 0.085273975
A33: Male | B33: =IF(A33="Male",1,0) -> 1 | C33: No | D33: =IF(C33="Yes",1,0) -> 0 | E33: Sat | F33: =IF(E33="Thur",1,IF(E33="Fri",2,IF(E33="Sat",3,4))) -> 3 | G33: Dinner | H33: =IF(G33="Dinner",1,0) -> 1 | I33: 4 | J33: 18.35 | K33: 2.5 | L33: =$Q$57 + $Q$58*B33 + $Q$59*D33 + $Q$62*F33 + $Q$61*H33 + $Q$60*I33 + $Q$63*J33 -> 2.9890921 | M33: =K33-L33 -> -0.48909207 | N33: =M33^2 -> 0.23921105 | P33: smoker_enc | Q33: =CORREL(D1:D244, K1:K244) -> 0.00976275
A34: Female | B34: =IF(A34="Male",1,0) -> 0 | C34: No | D34: =IF(C34="Yes",1,0) -> 0 | E34: Sat | F34: =IF(E34="Thur",1,IF(E34="Fri",2,IF(E34="Sat",3,4))) -> 3 | G34: Dinner | H34: =IF(G34="Dinner",1,0) -> 1 | I34: 2 | J34: 15.06 | K34: 3 | L34: =$Q$57 + $Q$58*B34 + $Q$59*D34 + $Q$62*F34 + $Q$61*H34 + $Q$60*I34 + $Q$63*J34 -> 2.609587 | M34: =K34-L34 -> 0.390413 | N34: =M34^2 -> 0.15242231 | P34: day_enc | Q34: =CORREL(F1:F244, K1:K244) -> 0.13179753
A35: Female | B35: =IF(A35="Male",1,0) -> 0 | C35: No | D35: =IF(C35="Yes",1,0) -> 0 | E35: Sat | F35: =IF(E35="Thur",1,IF(E35="Fri",2,IF(E35="Sat",3,4))) -> 3 | G35: Dinner | H35: =IF(G35="Dinner",1,0) -> 1 | I35: 4 | J35: 20.69 | K35: 2.45 | L35: =$Q$57 + $Q$58*B35 + $Q$59*D35 + $Q$62*F35 + $Q$61*H35 + $Q$60*I35 + $Q$63*J35 -> 3.2463012 | M35: =K35-L35 -> -0.79630122 | N35: =M35^2 -> 0.63409563 | P35: time_enc | Q35: =CORREL(H1:H244, K1:K244) -> 0.11759639
A36: Male | B36: =IF(A36="Male",1,0) -> 1 | C36: No | D36: =IF(C36="Yes",1,0) -> 0 | E36: Sat | F36: =IF(E36="Thur",1,IF(E36="Fri",2,IF(E36="Sat",3,4))) -> 3 | G36: Dinner | H36: =IF(G36="Dinner",1,0) -> 1 | I36: 2 | J36: 17.78 | K36: 3.27 | L36: =$Q$57 + $Q$58*B36 + $Q$59*D36 + $Q$62*F36 + $Q$61*H36 + $Q$60*I36 + $Q$63*J36 -> 2.8293513 | M36: =K36-L36 -> 0.44064875 | N36: =M36^2 -> 0.19417132 | P36: size | Q36: =CORREL(I1:I244, K1:K244) -> 0.48840039
A37: Male | B37: =IF(A37="Male",1,0) -> 1 | C37: No | D37: =IF(C37="Yes",1,0) -> 0 | E37: Sat | F37: =IF(E37="Thur",1,IF(E37="Fri",2,IF(E37="Sat",3,4))) -> 3 | G37: Dinner | H37: =IF(G37="Dinner",1,0) -> 1 | I37: 3 | J37: 24.06 | K37: 3.6 | L37: =$Q$57 + $Q$58*B37 + $Q$59*D37 + $Q$62*F37 + $Q$61*H37 + $Q$60*I37 + $Q$63*J37 -> 3.4743315 | M37: =K37-L37 -> 0.12566855 | N37: =M37^2 -> 0.015792584 | P37: total bill | Q37: =CORREL(J1:J244, K1:K244) -> 0.67499786
A38: Male | B38: =IF(A38="Male",1,0) -> 1 | C38: No | D38: =IF(C38="Yes",1,0) -> 0 | E38: Sat | F38: =IF(E38="Thur",1,IF(E38="Fri",2,IF(E38="Sat",3,4))) -> 3 | G38: Dinner | H38: =IF(G38="Dinner",1,0) -> 1 | I38: 3 | J38: 16.31 | K38: 2 | L38: =$Q$57 + $Q$58*B38 + $Q$59*D38 + $Q$62*F38 + $Q$61*H38 + $Q$60*I38 + $Q$63*J38 -> 2.7437892 | M38: =K38-L38 -> -0.74378918 | N38: =M38^2 -> 0.55322235
A39: Female | B39: =IF(A39="Male",1,0) -> 0 | C39: No | D39: =IF(C39="Yes",1,0) -> 0 | E39: Sat | F39: =IF(E39="Thur",1,IF(E39="Fri",2,IF(E39="Sat",3,4))) -> 3 | G39: Dinner | H39: =IF(G39="Dinner",1,0) -> 1 | I39: 3 | J39: 16.93 | K39: 3.07 | L39: =$Q$57 + $Q$58*B39 + $Q$59*D39 + $Q$62*F39 + $Q$61*H39 + $Q$60*I39 + $Q$63*J39 -> 2.8388651 | M39: =K39-L39 -> 0.23113492 | N39: =M39^2 -> 0.053423351 | P39: Regression Output using input range sheet and Tips column from tips sheet
A40: Male | B40: =IF(A40="Male",1,0) -> 1 | C40: No | D40: =IF(C40="Yes",1,0) -> 0 | E40: Sat | F40: =IF(E40="Thur",1,IF(E40="Fri",2,IF(E40="Sat",3,4))) -> 3 | G40: Dinner | H40: =IF(G40="Dinner",1,0) -> 1 | I40: 3 | J40: 18.69 | K40: 2.31 | L40: =$Q$57 + $Q$58*B40 + $Q$59*D40 + $Q$62*F40 + $Q$61*H40 + $Q$60*I40 + $Q$63*J40 -> 2.9681364 | M40: =K40-L40 -> -0.65813636 | N40: =M40^2 -> 0.43314347
A41: Male | B41: =IF(A41="Male",1,0) -> 1 | C41: No | D41: =IF(C41="Yes",1,0) -> 0 | E41: Sat | F41: =IF(E41="Thur",1,IF(E41="Fri",2,IF(E41="Sat",3,4))) -> 3 | G41: Dinner | H41: =IF(G41="Dinner",1,0) -> 1 | I41: 3 | J41: 31.27 | K41: 5 | L41: =$Q$57 + $Q$58*B41 + $Q$59*D41 + $Q$62*F41 + $Q$61*H41 + $Q$60*I41 + $Q$63*J41 -> 4.1539714 | M41: =K41-L41 -> 0.84602858 | N41: =M41^2 -> 0.71576435 | P41: SUMMARY OUTPUT
A42: Male | B42: =IF(A42="Male",1,0) -> 1 | C42: No | D42: =IF(C42="Yes",1,0) -> 0 | E42: Sat | F42: =IF(E42="Thur",1,IF(E42="Fri",2,IF(E42="Sat",3,4))) -> 3 | G42: Dinner | H42: =IF(G42="Dinner",1,0) -> 1 | I42: 3 | J42: 16.04 | K42: 2.24 | L42: =$Q$57 + $Q$58*B42 + $Q$59*D42 + $Q$62*F42 + $Q$61*H42 + $Q$60*I42 + $Q$63*J42 -> 2.718338 | M42: =K42-L42 -> -0.47833803 | N42: =M42^2 -> 0.22880727
A43: Male | B43: =IF(A43="Male",1,0) -> 1 | C43: No | D43: =IF(C43="Yes",1,0) -> 0 | E43: Sun | F43: =IF(E43="Thur",1,IF(E43="Fri",2,IF(E43="Sat",3,4))) -> 4 | G43: Dinner | H43: =IF(G43="Dinner",1,0) -> 1 | I43: 2 | J43: 17.46 | K43: 2.54 | L43: =$Q$57 + $Q$58*B43 + $Q$59*D43 + $Q$62*F43 + $Q$61*H43 + $Q$60*I43 + $Q$63*J43 -> 2.9741513 | M43: =K43-L43 -> -0.4341513 | N43: =M43^2 -> 0.18848735 | P43: Regression Statistics
A44: Male | B44: =IF(A44="Male",1,0) -> 1 | C44: No | D44: =IF(C44="Yes",1,0) -> 0 | E44: Sun | F44: =IF(E44="Thur",1,IF(E44="Fri",2,IF(E44="Sat",3,4))) -> 4 | G44: Dinner | H44: =IF(G44="Dinner",1,0) -> 1 | I44: 2 | J44: 13.94 | K44: 3.06 | L44: =$Q$57 + $Q$58*B44 + $Q$59*D44 + $Q$62*F44 + $Q$61*H44 + $Q$60*I44 + $Q$63*J44 -> 2.6423437 | M44: =K44-L44 -> 0.41765629 | N44: =M44^2 -> 0.17443678 | P44: Multiple R | Q44: 0.68422646
A45: Male | B45: =IF(A45="Male",1,0) -> 1 | C45: No | D45: =IF(C45="Yes",1,0) -> 0 | E45: Sun | F45: =IF(E45="Thur",1,IF(E45="Fri",2,IF(E45="Sat",3,4))) -> 4 | G45: Dinner | H45: =IF(G45="Dinner",1,0) -> 1 | I45: 2 | J45: 9.68 | K45: 1.32 | L45: =$Q$57 + $Q$58*B45 + $Q$59*D45 + $Q$62*F45 + $Q$61*H45 + $Q$60*I45 + $Q$63*J45 -> 2.2407811 | M45: =K45-L45 -> -0.92078112 | N45: =M45^2 -> 0.84783787 | P45: R Square | Q45: 0.46816585
A46: Male | B46: =IF(A46="Male",1,0) -> 1 | C46: No | D46: =IF(C46="Yes",1,0) -> 0 | E46: Sun | F46: =IF(E46="Thur",1,IF(E46="Fri",2,IF(E46="Sat",3,4))) -> 4 | G46: Dinner | H46: =IF(G46="Dinner",1,0) -> 1 | I46: 4 | J46: 30.4 | K46: 5.6 | L46: =$Q$57 + $Q$58*B46 + $Q$59*D46 + $Q$62*F46 + $Q$61*H46 + $Q$60*I46 + $Q$63*J46 -> 4.2999318 | M46: =K46-L46 -> 1.3000682 | N46: =M46^2 -> 1.6901772 | P46: Adjusted R Square | Q46: 0.45464464
A47: Male | B47: =IF(A47="Male",1,0) -> 1 | C47: No | D47: =IF(C47="Yes",1,0) -> 0 | E47: Sun | F47: =IF(E47="Thur",1,IF(E47="Fri",2,IF(E47="Sat",3,4))) -> 4 | G47: Dinner | H47: =IF(G47="Dinner",1,0) -> 1 | I47: 2 | J47: 18.29 | K47: 3 | L47: =$Q$57 + $Q$58*B47 + $Q$59*D47 + $Q$62*F47 + $Q$61*H47 + $Q$60*I47 + $Q$63*J47 -> 3.05239 | M47: =K47-L47 -> -0.052390016 | N47: =M47^2 -> 0.0027447138 | P47: Standard Error | Q47: 1.0227988
A48: Male | B48: =IF(A48="Male",1,0) -> 1 | C48: No | D48: =IF(C48="Yes",1,0) -> 0 | E48: Sun | F48: =IF(E48="Thur",1,IF(E48="Fri",2,IF(E48="Sat",3,4))) -> 4 | G48: Dinner | H48: =IF(G48="Dinner",1,0) -> 1 | I48: 2 | J48: 22.23 | K48: 5 | L48: =$Q$57 + $Q$58*B48 + $Q$59*D48 + $Q$62*F48 + $Q$61*H48 + $Q$60*I48 + $Q$63*J48 -> 3.4237883 | M48: =K48-L48 -> 1.5762117 | N48: =M48^2 -> 2.4844434 | P48: Observations | Q48: 243
A49: Male | B49: =IF(A49="Male",1,0) -> 1 | C49: No | D49: =IF(C49="Yes",1,0) -> 0 | E49: Sun | F49: =IF(E49="Thur",1,IF(E49="Fri",2,IF(E49="Sat",3,4))) -> 4 | G49: Dinner | H49: =IF(G49="Dinner",1,0) -> 1 | I49: 4 | J49: 32.4 | K49: 6 | L49: =$Q$57 + $Q$58*B49 + $Q$59*D49 + $Q$62*F49 + $Q$61*H49 + $Q$60*I49 + $Q$63*J49 -> 4.4884589 | M49: =K49-L49 -> 1.5115411 | N49: =M49^2 -> 2.2847566
A50: Male | B50: =IF(A50="Male",1,0) -> 1 | C50: No | D50: =IF(C50="Yes",1,0) -> 0 | E50: Sun | F50: =IF(E50="Thur",1,IF(E50="Fri",2,IF(E50="Sat",3,4))) -> 4 | G50: Dinner | H50: =IF(G50="Dinner",1,0) -> 1 | I50: 3 | J50: 28.55 | K50: 2.05 | L50: =$Q$57 + $Q$58*B50 + $Q$59*D50 + $Q$62*F50 + $Q$61*H50 + $Q$60*I50 + $Q$63*J50 -> 4.072539 | M50: =K50-L50 -> -2.022539 | N50: =M50^2 -> 4.0906641 | P50: ANOVA
A51: Male | B51: =IF(A51="Male",1,0) -> 1 | C51: No | D51: =IF(C51="Yes",1,0) -> 0 | E51: Sun | F51: =IF(E51="Thur",1,IF(E51="Fri",2,IF(E51="Sat",3,4))) -> 4 | G51: Dinner | H51: =IF(G51="Dinner",1,0) -> 1 | I51: 2 | J51: 18.04 | K51: 3 | L51: =$Q$57 + $Q$58*B51 + $Q$59*D51 + $Q$62*F51 + $Q$61*H51 + $Q$60*I51 + $Q$63*J51 -> 3.0288241 | M51: =K51-L51 -> -0.028824137 | N51: =M51^2 -> 0.00083083086 | Q51: df | R51: SS | S51: MS | T51: F | U51: Significance F
A52: Male | B52: =IF(A52="Male",1,0) -> 1 | C52: No | D52: =IF(C52="Yes",1,0) -> 0 | E52: Sun | F52: =IF(E52="Thur",1,IF(E52="Fri",2,IF(E52="Sat",3,4))) -> 4 | G52: Dinner | H52: =IF(G52="Dinner",1,0) -> 1 | I52: 2 | J52: 12.54 | K52: 2.5 | L52: =$Q$57 + $Q$58*B52 + $Q$59*D52 + $Q$62*F52 + $Q$61*H52 + $Q$60*I52 + $Q$63*J52 -> 2.5103748 | M52: =K52-L52 -> -0.010374784 | N52: =M52^2 -> 0.00010763615 | P52: Regression | Q52: 6 | R52: 217.32812 | S52: 36.221353 | T52: 34.62456 | U52: 6.9884728e-30
A53: Female | B53: =IF(A53="Male",1,0) -> 0 | C53: No | D53: =IF(C53="Yes",1,0) -> 0 | E53: Sun | F53: =IF(E53="Thur",1,IF(E53="Fri",2,IF(E53="Sat",3,4))) -> 4 | G53: Dinner | H53: =IF(G53="Dinner",1,0) -> 1 | I53: 2 | J53: 10.29 | K53: 2.6 | L53: =$Q$57 + $Q$58*B53 + $Q$59*D53 + $Q$62*F53 + $Q$61*H53 + $Q$60*I53 + $Q$63*J53 -> 2.3349144 | M53: =K53-L53 -> 0.26508562 | N53: =M53^2 -> 0.070270385 | P53: Residual | Q53: 236 | R53: 246.8837 | S53: 1.0461174
A54: Female | B54: =IF(A54="Male",1,0) -> 0 | C54: No | D54: =IF(C54="Yes",1,0) -> 0 | E54: Sun | F54: =IF(E54="Thur",1,IF(E54="Fri",2,IF(E54="Sat",3,4))) -> 4 | G54: Dinner | H54: =IF(G54="Dinner",1,0) -> 1 | I54: 4 | J54: 34.81 | K54: 5.2 | L54: =$Q$57 + $Q$58*B54 + $Q$59*D54 + $Q$62*F54 + $Q$61*H54 + $Q$60*I54 + $Q$63*J54 -> 4.7522665 | M54: =K54-L54 -> 0.44773353 | N54: =M54^2 -> 0.20046532 | P54: Total | Q54: 242 | R54: 464.21182
A55: Male | B55: =IF(A55="Male",1,0) -> 1 | C55: No | D55: =IF(C55="Yes",1,0) -> 0 | E55: Sun | F55: =IF(E55="Thur",1,IF(E55="Fri",2,IF(E55="Sat",3,4))) -> 4 | G55: Dinner | H55: =IF(G55="Dinner",1,0) -> 1 | I55: 2 | J55: 9.94 | K55: 1.56 | L55: =$Q$57 + $Q$58*B55 + $Q$59*D55 + $Q$62*F55 + $Q$61*H55 + $Q$60*I55 + $Q$63*J55 -> 2.2652896 | M55: =K55-L55 -> -0.70528964 | N55: =M55^2 -> 0.49743347
A56: Male | B56: =IF(A56="Male",1,0) -> 1 | C56: No | D56: =IF(C56="Yes",1,0) -> 0 | E56: Sun | F56: =IF(E56="Thur",1,IF(E56="Fri",2,IF(E56="Sat",3,4))) -> 4 | G56: Dinner | H56: =IF(G56="Dinner",1,0) -> 1 | I56: 4 | J56: 25.56 | K56: 4.34 | L56: =$Q$57 + $Q$58*B56 + $Q$59*D56 + $Q$62*F56 + $Q$61*H56 + $Q$60*I56 + $Q$63*J56 -> 3.8436964 | M56: =K56-L56 -> 0.49630359 | N56: =M56^2 -> 0.24631726 | Q56: Coefficients | R56: Standard Error | S56: t Stat | T56: P-value | U56: Lower 95% | V56: Upper 95% | W56: Lower 95.0% | X56: Upper 95.0%
A57: Male | B57: =IF(A57="Male",1,0) -> 1 | C57: No | D57: =IF(C57="Yes",1,0) -> 0 | E57: Sun | F57: =IF(E57="Thur",1,IF(E57="Fri",2,IF(E57="Sat",3,4))) -> 4 | G57: Dinner | H57: =IF(G57="Dinner",1,0) -> 1 | I57: 2 | J57: 19.49 | K57: 3.51 | L57: =$Q$57 + $Q$58*B57 + $Q$59*D57 + $Q$62*F57 + $Q$61*H57 + $Q$60*I57 + $Q$63*J57 -> 3.1655062 | M57: =K57-L57 -> 0.34449376 | N57: =M57^2 -> 0.11867595 | P57: Intercept | Q57: 0.67508095 | R57: 0.25424114 | S57: 2.6552781 | T57: 0.0084639992 | U57: 0.1742089 | V57: 1.175953 | W57: 0.1742089 | X57: 1.175953
A58: Male | B58: =IF(A58="Male",1,0) -> 1 | C58: Yes | D58: =IF(C58="Yes",1,0) -> 1 | E58: Sat | F58: =IF(E58="Thur",1,IF(E58="Fri",2,IF(E58="Sat",3,4))) -> 3 | G58: Dinner | H58: =IF(G58="Dinner",1,0) -> 1 | I58: 4 | J58: 38.01 | K58: 3 | L58: =$Q$57 + $Q$58*B58 + $Q$59*D58 + $Q$62*F58 + $Q$61*H58 + $Q$60*I58 + $Q$63*J58 -> 4.7694685 | M58: =K58-L58 -> -1.7694685 | N58: =M58^2 -> 3.1310188 | P58: sex_enc | Q58: -0.036632515 | R58: 0.14164818 | S58: -0.25861621 | T58: 0.79615679 | U58: -0.31568889 | V58: 0.24242386 | W58: -0.31568889 | X58: 0.24242386
A59: Female | B59: =IF(A59="Male",1,0) -> 0 | C59: No | D59: =IF(C59="Yes",1,0) -> 0 | E59: Sat | F59: =IF(E59="Thur",1,IF(E59="Fri",2,IF(E59="Sat",3,4))) -> 3 | G59: Dinner | H59: =IF(G59="Dinner",1,0) -> 1 | I59: 2 | J59: 26.41 | K59: 1.5 | L59: =$Q$57 + $Q$58*B59 + $Q$59*D59 + $Q$62*F59 + $Q$61*H59 + $Q$60*I59 + $Q$63*J59 -> 3.6794779 | M59: =K59-L59 -> -2.1794779 | N59: =M59^2 -> 4.7501241 | P59: smoker_enc | Q59: -0.072844331 | R59: 0.14105133 | S59: -0.51643846 | T59: 0.60603178 | U59: -0.35072488 | V59: 0.20503622 | W59: -0.35072488 | X59: 0.20503622
A60: Male | B60: =IF(A60="Male",1,0) -> 1 | C60: Yes | D60: =IF(C60="Yes",1,0) -> 1 | E60: Sat | F60: =IF(E60="Thur",1,IF(E60="Fri",2,IF(E60="Sat",3,4))) -> 3 | G60: Dinner | H60: =IF(G60="Dinner",1,0) -> 1 | I60: 2 | J60: 11.24 | K60: 1.76 | L60: =$Q$57 + $Q$58*B60 + $Q$59*D60 + $Q$62*F60 + $Q$61*H60 + $Q$60*I60 + $Q$63*J60 -> 2.1400235 | M60: =K60-L60 -> -0.38002351 | N60: =M60^2 -> 0.14441787 | P60: day_enc | Q60: 0.053005305 | R60: 0.1205826 | S60: 0.43957671 | T60: 0.66064596 | U60: -0.18455049 | V60: 0.2905611 | W60: -0.18455049 | X60: 0.2905611
A61: Male | B61: =IF(A61="Male",1,0) -> 1 | C61: No | D61: =IF(C61="Yes",1,0) -> 0 | E61: Sat | F61: =IF(E61="Thur",1,IF(E61="Fri",2,IF(E61="Sat",3,4))) -> 3 | G61: Dinner | H61: =IF(G61="Dinner",1,0) -> 1 | I61: 4 | J61: 48.27 | K61: 6.73 | L61: =$Q$57 + $Q$58*B61 + $Q$59*D61 + $Q$62*F61 + $Q$61*H61 + $Q$60*I61 + $Q$63*J61 -> 5.8094565 | M61: =K61-L61 -> 0.92054346 | N61: =M61^2 -> 0.84740026 | P61: time_enc | Q61: -0.11600626 | R61: 0.30855322 | S61: -0.37596841 | T61: 0.70727812 | U61: -0.72387672 | V61: 0.4918642 | W61: -0.72387672 | X61: 0.4918642
A62: Male | B62: =IF(A62="Male",1,0) -> 1 | C62: Yes | D62: =IF(C62="Yes",1,0) -> 1 | E62: Sat | F62: =IF(E62="Thur",1,IF(E62="Fri",2,IF(E62="Sat",3,4))) -> 3 | G62: Dinner | H62: =IF(G62="Dinner",1,0) -> 1 | I62: 2 | J62: 20.29 | K62: 3.21 | L62: =$Q$57 + $Q$58*B62 + $Q$59*D62 + $Q$62*F62 + $Q$61*H62 + $Q$60*I62 + $Q$63*J62 -> 2.9931084 | M62: =K62-L62 -> 0.21689165 | N62: =M62^2 -> 0.047041987 | P62: size | Q62: 0.17496437 | R62: 0.089368965 | S62: 1.9577755 | T62: 0.051434839 | U62: -0.0010984649 | V62: 0.35102721 | W62: -0.0010984649 | X62: 0.35102721
A63: Male | B63: =IF(A63="Male",1,0) -> 1 | C63: Yes | D63: =IF(C63="Yes",1,0) -> 1 | E63: Sat | F63: =IF(E63="Thur",1,IF(E63="Fri",2,IF(E63="Sat",3,4))) -> 3 | G63: Dinner | H63: =IF(G63="Dinner",1,0) -> 1 | I63: 2 | J63: 13.81 | K63: 2 | L63: =$Q$57 + $Q$58*B63 + $Q$59*D63 + $Q$62*F63 + $Q$61*H63 + $Q$60*I63 + $Q$63*J63 -> 2.3822808 | M63: =K63-L63 -> -0.38228075 | N63: =M63^2 -> 0.14613857 | P63: total_bill | Q63: 0.094263519 | R63: 0.0095613713 | S63: 9.8587865 | T63: 2.0105696e-19 | U63: 0.075426978 | V63: 0.11310006 | W63: 0.075426978 | X63: 0.11310006
A64: Male | B64: =IF(A64="Male",1,0) -> 1 | C64: Yes | D64: =IF(C64="Yes",1,0) -> 1 | E64: Sat | F64: =IF(E64="Thur",1,IF(E64="Fri",2,IF(E64="Sat",3,4))) -> 3 | G64: Dinner | H64: =IF(G64="Dinner",1,0) -> 1 | I64: 2 | J64: 11.02 | K64: 1.98 | L64: =$Q$57 + $Q$58*B64 + $Q$59*D64 + $Q$62*F64 + $Q$61*H64 + $Q$60*I64 + $Q$63*J64 -> 2.1192855 | M64: =K64-L64 -> -0.13928553 | N64: =M64^2 -> 0.01940046
A65: Male | B65: =IF(A65="Male",1,0) -> 1 | C65: Yes | D65: =IF(C65="Yes",1,0) -> 1 | E65: Sat | F65: =IF(E65="Thur",1,IF(E65="Fri",2,IF(E65="Sat",3,4))) -> 3 | G65: Dinner | H65: =IF(G65="Dinner",1,0) -> 1 | I65: 4 | J65: 18.29 | K65: 3.76 | L65: =$Q$57 + $Q$58*B65 + $Q$59*D65 + $Q$62*F65 + $Q$61*H65 + $Q$60*I65 + $Q$63*J65 -> 2.9105919 | M65: =K65-L65 -> 0.84940807 | N65: =M65^2 -> 0.72149408
A66: Male | B66: =IF(A66="Male",1,0) -> 1 | C66: No | D66: =IF(C66="Yes",1,0) -> 0 | E66: Sat | F66: =IF(E66="Thur",1,IF(E66="Fri",2,IF(E66="Sat",3,4))) -> 3 | G66: Dinner | H66: =IF(G66="Dinner",1,0) -> 1 | I66: 3 | J66: 17.59 | K66: 2.64 | L66: =$Q$57 + $Q$58*B66 + $Q$59*D66 + $Q$62*F66 + $Q$61*H66 + $Q$60*I66 + $Q$63*J66 -> 2.8644465 | M66: =K66-L66 -> -0.22444649 | N66: =M66^2 -> 0.050376226
A67: Male | B67: =IF(A67="Male",1,0) -> 1 | C67: No | D67: =IF(C67="Yes",1,0) -> 0 | E67: Sat | F67: =IF(E67="Thur",1,IF(E67="Fri",2,IF(E67="Sat",3,4))) -> 3 | G67: Dinner | H67: =IF(G67="Dinner",1,0) -> 1 | I67: 3 | J67: 20.08 | K67: 3.15 | L67: =$Q$57 + $Q$58*B67 + $Q$59*D67 + $Q$62*F67 + $Q$61*H67 + $Q$60*I67 + $Q$63*J67 -> 3.0991626 | M67: =K67-L67 -> 0.050837351 | N67: =M67^2 -> 0.0025844362 | P67: RESIDUAL OUTPUT
A68: Female | B68: =IF(A68="Male",1,0) -> 0 | C68: No | D68: =IF(C68="Yes",1,0) -> 0 | E68: Sat | F68: =IF(E68="Thur",1,IF(E68="Fri",2,IF(E68="Sat",3,4))) -> 3 | G68: Dinner | H68: =IF(G68="Dinner",1,0) -> 1 | I68: 2 | J68: 16.45 | K68: 2.47 | L68: =$Q$57 + $Q$58*B68 + $Q$59*D68 + $Q$62*F68 + $Q$61*H68 + $Q$60*I68 + $Q$63*J68 -> 2.7406133 | M68: =K68-L68 -> -0.27061329 | N68: =M68^2 -> 0.073231551
A69: Female | B69: =IF(A69="Male",1,0) -> 0 | C69: Yes | D69: =IF(C69="Yes",1,0) -> 1 | E69: Sat | F69: =IF(E69="Thur",1,IF(E69="Fri",2,IF(E69="Sat",3,4))) -> 3 | G69: Dinner | H69: =IF(G69="Dinner",1,0) -> 1 | I69: 1 | J69: 3.07 | K69: 1 | L69: =$Q$57 + $Q$58*B69 + $Q$59*D69 + $Q$62*F69 + $Q$61*H69 + $Q$60*I69 + $Q$63*J69 -> 1.3535178 | M69: =K69-L69 -> -0.35351777 | N69: =M69^2 -> 0.12497481 | P69: Observation | Q69: Predicted tip | R69: Residuals
A70: Male | B70: =IF(A70="Male",1,0) -> 1 | C70: No | D70: =IF(C70="Yes",1,0) -> 0 | E70: Sat | F70: =IF(E70="Thur",1,IF(E70="Fri",2,IF(E70="Sat",3,4))) -> 3 | G70: Dinner | H70: =IF(G70="Dinner",1,0) -> 1 | I70: 2 | J70: 20.23 | K70: 2.01 | L70: =$Q$57 + $Q$58*B70 + $Q$59*D70 + $Q$62*F70 + $Q$61*H70 + $Q$60*I70 + $Q$63*J70 -> 3.0602969 | M70: =K70-L70 -> -1.0502969 | N70: =M70^2 -> 1.1031235 | P70: 1 | Q70: 2.7225618 | R70: -1.7125618
A71: Male | B71: =IF(A71="Male",1,0) -> 1 | C71: Yes | D71: =IF(C71="Yes",1,0) -> 1 | E71: Sat | F71: =IF(E71="Thur",1,IF(E71="Fri",2,IF(E71="Sat",3,4))) -> 3 | G71: Dinner | H71: =IF(G71="Dinner",1,0) -> 1 | I71: 2 | J71: 15.01 | K71: 2.09 | L71: =$Q$57 + $Q$58*B71 + $Q$59*D71 + $Q$62*F71 + $Q$61*H71 + $Q$60*I71 + $Q$63*J71 -> 2.495397 | M71: =K71-L71 -> -0.40539697 | N71: =M71^2 -> 0.16434671 | P71: 2 | Q71: 2.2340413 | R71: -0.57404128
A72: Male | B72: =IF(A72="Male",1,0) -> 1 | C72: No | D72: =IF(C72="Yes",1,0) -> 0 | E72: Sat | F72: =IF(E72="Thur",1,IF(E72="Fri",2,IF(E72="Sat",3,4))) -> 3 | G72: Dinner | H72: =IF(G72="Dinner",1,0) -> 1 | I72: 2 | J72: 12.02 | K72: 1.97 | L72: =$Q$57 + $Q$58*B72 + $Q$59*D72 + $Q$62*F72 + $Q$61*H72 + $Q$60*I72 + $Q$63*J72 -> 2.2863934 | M72: =K72-L72 -> -0.31639338 | N72: =M72^2 -> 0.10010477 | P72: 3 | Q72: 3.239833 | R72: 0.26016697
A73: Female | B73: =IF(A73="Male",1,0) -> 0 | C73: No | D73: =IF(C73="Yes",1,0) -> 0 | E73: Sat | F73: =IF(E73="Thur",1,IF(E73="Fri",2,IF(E73="Sat",3,4))) -> 3 | G73: Dinner | H73: =IF(G73="Dinner",1,0) -> 1 | I73: 3 | J73: 17.07 | K73: 3 | L73: =$Q$57 + $Q$58*B73 + $Q$59*D73 + $Q$62*F73 + $Q$61*H73 + $Q$60*I73 + $Q$63*J73 -> 2.852062 | M73: =K73-L73 -> 0.14793803 | N73: =M73^2 -> 0.02188566 | P73: 4 | Q73: 3.3165523 | R73: -0.0065522505
A74: Female | B74: =IF(A74="Male",1,0) -> 0 | C74: Yes | D74: =IF(C74="Yes",1,0) -> 1 | E74: Sat | F74: =IF(E74="Thur",1,IF(E74="Fri",2,IF(E74="Sat",3,4))) -> 3 | G74: Dinner | H74: =IF(G74="Dinner",1,0) -> 1 | I74: 2 | J74: 26.86 | K74: 3.14 | L74: =$Q$57 + $Q$58*B74 + $Q$59*D74 + $Q$62*F74 + $Q$61*H74 + $Q$60*I74 + $Q$63*J74 -> 3.6490522 | M74: =K74-L74 -> -0.50905218 | N74: =M74^2 -> 0.25913413 | P74: 5 | Q74: 3.7888933 | R74: -0.17889331
A75: Female | B75: =IF(A75="Male",1,0) -> 0 | C75: Yes | D75: =IF(C75="Yes",1,0) -> 1 | E75: Sat | F75: =IF(E75="Thur",1,IF(E75="Fri",2,IF(E75="Sat",3,4))) -> 3 | G75: Dinner | H75: =IF(G75="Dinner",1,0) -> 1 | I75: 2 | J75: 25.28 | K75: 5 | L75: =$Q$57 + $Q$58*B75 + $Q$59*D75 + $Q$62*F75 + $Q$61*H75 + $Q$60*I75 + $Q$63*J75 -> 3.5001158 | M75: =K75-L75 -> 1.4998842 | N75: =M75^2 -> 2.2496525 | P75: 6 | Q75: 3.8182453 | R75: 0.89175474
A76: Female | B76: =IF(A76="Male",1,0) -> 0 | C76: No | D76: =IF(C76="Yes",1,0) -> 0 | E76: Sat | F76: =IF(E76="Thur",1,IF(E76="Fri",2,IF(E76="Sat",3,4))) -> 3 | G76: Dinner | H76: =IF(G76="Dinner",1,0) -> 1 | I76: 2 | J76: 14.73 | K76: 2.2 | L76: =$Q$57 + $Q$58*B76 + $Q$59*D76 + $Q$62*F76 + $Q$61*H76 + $Q$60*I76 + $Q$63*J76 -> 2.57848 | M76: =K76-L76 -> -0.37848003 | N76: =M76^2 -> 0.14324714 | P76: 7 | Q76: 1.9110832 | R76: 0.088916812
A77: Male | B77: =IF(A77="Male",1,0) -> 1 | C77: No | D77: =IF(C77="Yes",1,0) -> 0 | E77: Sat | F77: =IF(E77="Thur",1,IF(E77="Fri",2,IF(E77="Sat",3,4))) -> 3 | G77: Dinner | H77: =IF(G77="Dinner",1,0) -> 1 | I77: 2 | J77: 10.51 | K77: 1.25 | L77: =$Q$57 + $Q$58*B77 + $Q$59*D77 + $Q$62*F77 + $Q$61*H77 + $Q$60*I77 + $Q$63*J77 -> 2.1440555 | M77: =K77-L77 -> -0.89405547 | N77: =M77^2 -> 0.79933519 | P77: 8 | Q77: 3.9681243 | R77: -0.84812425
A78: Male | B78: =IF(A78="Male",1,0) -> 1 | C78: Yes | D78: =IF(C78="Yes",1,0) -> 1 | E78: Sat | F78: =IF(E78="Thur",1,IF(E78="Fri",2,IF(E78="Sat",3,4))) -> 3 | G78: Dinner | H78: =IF(G78="Dinner",1,0) -> 1 | I78: 2 | J78: 17.92 | K78: 3.08 | L78: =$Q$57 + $Q$58*B78 + $Q$59*D78 + $Q$62*F78 + $Q$61*H78 + $Q$60*I78 + $Q$63*J78 -> 2.7697038 | M78: =K78-L78 -> 0.31029619 | N78: =M78^2 -> 0.096283724 | P78: 9 | Q78: 2.5021154 | R78: -0.54211545
A79: Male | B79: =IF(A79="Male",1,0) -> 1 | C79: No | D79: =IF(C79="Yes",1,0) -> 0 | E79: Thur | F79: =IF(E79="Thur",1,IF(E79="Fri",2,IF(E79="Sat",3,4))) -> 1 | G79: Lunch | H79: =IF(G79="Dinner",1,0) -> 0 | I79: 4 | J79: 27.2 | K79: 4 | L79: =$Q$57 + $Q$58*B79 + $Q$59*D79 + $Q$62*F79 + $Q$61*H79 + $Q$60*I79 + $Q$63*J79 -> 3.5894017 | M79: =K79-L79 -> 0.41059827 | N79: =M79^2 -> 0.16859094 | P79: 10 | Q79: 2.4776069 | R79: 0.75239307
A80: Male | B80: =IF(A80="Male",1,0) -> 1 | C80: No | D80: =IF(C80="Yes",1,0) -> 0 | E80: Thur | F80: =IF(E80="Thur",1,IF(E80="Fri",2,IF(E80="Sat",3,4))) -> 1 | G80: Lunch | H80: =IF(G80="Dinner",1,0) -> 0 | I80: 2 | J80: 22.76 | K80: 3 | L80: =$Q$57 + $Q$58*B80 + $Q$59*D80 + $Q$62*F80 + $Q$61*H80 + $Q$60*I80 + $Q$63*J80 -> 3.0648611 | M80: =K80-L80 -> -0.064861095 | N80: =M80^2 -> 0.0042069616 | P80: 11 | Q80: 2.0524785 | R80: -0.34247847
A81: Male | B81: =IF(A81="Male",1,0) -> 1 | C81: No | D81: =IF(C81="Yes",1,0) -> 0 | E81: Thur | F81: =IF(E81="Thur",1,IF(E81="Fri",2,IF(E81="Sat",3,4))) -> 1 | G81: Lunch | H81: =IF(G81="Dinner",1,0) -> 0 | I81: 2 | J81: 17.29 | K81: 2.71 | L81: =$Q$57 + $Q$58*B81 + $Q$59*D81 + $Q$62*F81 + $Q$61*H81 + $Q$60*I81 + $Q$63*J81 -> 2.5492396 | M81: =K81-L81 -> 0.16076035 | N81: =M81^2 -> 0.025843891 | P81: 12 | Q81: 4.7946851 | R81: 0.20531495
... A244: Female | B244: =IF(A244="Male",1,0) -> 0 | C244: No | D244: =IF(C244="Yes",1,0) -> 0 | E244: Thur | F244: =IF(E244="Thur",1,IF(E244="Fri",2,IF(E244="Sat",3,4))) -> 1 | G244: Dinner | H244: =IF(G244="Dinner",1,0) -> 1 | I244: 2 | J244: 18.78 | K244: 3 | L244: =$Q$57 + $Q$58*B244 + $Q$59*D244 + $Q$62*F244 + $Q$61*H244 + $Q$60*I244 + $Q$63*J244 -> 2.6103185 | M244: =K244-L244 -> 0.38968146 | N244: =M244^2 -> 0.15185164 | P244: 175 | Q244: 2.5970602 | R244: 1.4029398
P245: 176 | Q245: 4.1128176 | R245: -1.0028176
P246: 177 | Q246: 2.6979221 | R246: -0.69792215
P247: 178 | Q247: 2.3764835 | R247: -0.37648355
P248: 179 | Q248: 1.9531101 | R248: 2.0468899
P249: 180 | Q249: 4.2758934 | R249: -0.72589345
P250: 181 | Q250: 4.6277075 | R250: -0.94770746
P251: 182 | Q251: 3.2107157 | R251: 2.4392843
P252: 183 | Q252: 5.4613627 | R252: -1.9613627
P253: 184 | Q253: 3.5455623 | R253: 2.9544377
P254: 185 | Q254: 4.8339335 | R254: -1.8339335
P255: 186 | Q255: 3.5595974 | R255: 1.4404026
P256: 187 | Q256: 3.1932522 | R256: 0.30674778
... P312: 243 | Q312: 2.7322776 | R312: 0.26772239

Sheet input range
A1: sex_enc | B1: smoker_enc | C1: day_enc | D1: time_enc | E1: size | F1: total_bill
A2: =IF(tips!A2="Male",1,0) -> 0 | B2: =IF(tips!C2="Yes",1,0) -> 0 | C2: =IF(tips!E2="Thur",1,IF(tips!E2="Fri",2,IF(tips!E2="Sat",3,4))) -> 4 | D2: =IF(tips!G2="Dinner",1,0) -> 1 | E2: 2 | F2: 16.99
A3: =IF(tips!A3="Male",1,0) -> 1 | B3: =IF(tips!C3="Yes",1,0) -> 0 | C3: =IF(tips!E3="Thur",1,IF(tips!E3="Fri",2,IF(tips!E3="Sat",3,4))) -> 4 | D3: =IF(tips!G3="Dinner",1,0) -> 1 | E3: 3 | F3: 10.34
A4: =IF(tips!A4="Male",1,0) -> 1 | B4: =IF(tips!C4="Yes",1,0) -> 0 | C4: =IF(tips!E4="Thur",1,IF(tips!E4="Fri",2,IF(tips!E4="Sat",3,4))) -> 4 | D4: =IF(tips!G4="Dinner",1,0) -> 1 | E4: 3 | F4: 21.01
A5: =IF(tips!A5="Male",1,0) -> 1 | B5: =IF(tips!C5="Yes",1,0) -> 0 | C5: =IF(tips!E5="Thur",1,IF(tips!E5="Fri",2,IF(tips!E5="Sat",3,4))) -> 4 | D5: =IF(tips!G5="Dinner",1,0) -> 1 | E5: 2 | F5: 23.68
A6: =IF(tips!A6="Male",1,0) -> 0 | B6: =IF(tips!C6="Yes",1,0) -> 0 | C6: =IF(tips!E6="Thur",1,IF(tips!E6="Fri",2,IF(tips!E6="Sat",3,4))) -> 4 | D6: =IF(tips!G6="Dinner",1,0) -> 1 | E6: 4 | F6: 24.59
A7: =IF(tips!A7="Male",1,0) -> 1 | B7: =IF(tips!C7="Yes",1,0) -> 0 | C7: =IF(tips!E7="Thur",1,IF(tips!E7="Fri",2,IF(tips!E7="Sat",3,4))) -> 4 | D7: =IF(tips!G7="Dinner",1,0) -> 1 | E7: 4 | F7: 25.29
A8: =IF(tips!A8="Male",1,0) -> 1 | B8: =IF(tips!C8="Yes",1,0) -> 0 | C8: =IF(tips!E8="Thur",1,IF(tips!E8="Fri",2,IF(tips!E8="Sat",3,4))) -> 4 | D8: =IF(tips!G8="Dinner",1,0) -> 1 | E8: 2 | F8: 8.77
A9: =IF(tips!A9="Male",1,0) -> 1 | B9: =IF(tips!C9="Yes",1,0) -> 0 | C9: =IF(tips!E9="Thur",1,IF(tips!E9="Fri",2,IF(tips!E9="Sat",3,4))) -> 4 | D9: =IF(tips!G9="Dinner",1,0) -> 1 | E9: 4 | F9: 26.88
A10: =IF(tips!A10="Male",1,0) -> 1 | B10: =IF(tips!C10="Yes",1,0) -> 0 | C10: =IF(tips!E10="Thur",1,IF(tips!E10="Fri",2,IF(tips!E10="Sat",3,4))) -> 4 | D10: =IF(tips!G10="Dinner",1,0) -> 1 | E10: 2 | F10: 15.04
A11: =IF(tips!A11="Male",1,0) -> 1 | B11: =IF(tips!C11="Yes",1,0) -> 0 | C11: =IF(tips!E11="Thur",1,IF(tips!E11="Fri",2,IF(tips!E11="Sat",3,4))) -> 4 | D11: =IF(tips!G11="Dinner",1,0) -> 1 | E11: 2 | F11: 14.78
A12: =IF(tips!A12="Male",1,0) -> 1 | B12: =IF(tips!C12="Yes",1,0) -> 0 | C12: =IF(tips!E12="Thur",1,IF(tips!E12="Fri",2,IF(tips!E12="Sat",3,4))) -> 4 | D12: =IF(tips!G12="Dinner",1,0) -> 1 | E12: 2 | F12: 10.27
A13: =IF(tips!A13="Male",1,0) -> 0 | B13: =IF(tips!C13="Yes",1,0) -> 0 | C13: =IF(tips!E13="Thur",1,IF(tips!E13="Fri",2,IF(tips!E13="Sat",3,4))) -> 4 | D13: =IF(tips!G13="Dinner",1,0) -> 1 | E13: 4 | F13: 35.26
... A244: =IF(tips!A244="Male",1,0) -> 0 | B244: =IF(tips!C244="Yes",1,0) -> 0 | C244: =IF(tips!E244="Thur",1,IF(tips!E244="Fri",2,IF(tips!E244="Sat",3,4))) -> 1 | D244: =IF(tips!G244="Dinner",1,0) -> 1 | E244: 2 | F244: 18.78
